amirul,amirul akmal,amirul_akmal,STAFF
akmal,akmal arif,mamasaya,STAFF
khairul,khairul izwan,isterisayacantik,STAFF
firdaus,ahmad firdaus,lazadamylife,STAFF
Ellena Holding,Taran Tierney,amirul_akmal,STAFF
Christos Broadhurst,Jesus Whitmore,mamasaya,STAFF
Ruairidh Andrews,Sapphire Neal,isterisayacantik,STAFF
Aqib Davey,Alexie Farley,lazadamylife,STAFF
Mccauley Holder,Scarlette Lugo,amirul_akmal,STAFF
Gianluca Mcintosh,Saarah Boyer,mamasaya,STAFF
Mared Rhodes,Daisy-Mae Mosley,isterisayacantik,STAFF
Arif Holloway,Jacque Mahoney,lazadamylife,STAFF
Heidi Harrison,Abigale Richmond,amirul_akmal,STAFF
Carrie-Ann Gibbs,Yunus Durham,mamasaya,STAFF
Saif Pickett,Taran Tierney,isterisayacantik,STAFF
Blair Dejesus,Jesus Whitmore,lazadamylife,STAFF
Margie Rush,Sapphire Neal,amirul_akmal,STAFF
Ralphie Kaye,Alexie Farley,mamasaya,STAFF
Zachariah Slater,Scarlette Lugo,isterisayacantik,STAFF
